id,subject,sender,body,expected_cues,vtriad_tactic,attack_goal,requested_action,body_destination
1,Action Required: Q3 Invoice #8942 Reconciliation,ap-automation@corvx.com,"Hello,

During our automated reconciliation process, invoice #8942 from Meridian Supply was flagged for a minor metadata discrepancy regarding the supplier bank details. To prioritize your vendor relationship and ensure timely payment, please verify the updated remittance information by signing into the secure AP portal.

If you do not recognize this invoice, please disregard this message and contact AP directly. Validating the details will prevent potential payment holds on future orders from Meridian Supply.

Please complete the verification within the next 24 hours to maintain your vendor standing.

Thank you for your prompt attention to this matter.

Regards,
AP Automation Team","['request_to_sign_in_to_verify_bank_details', 'pressure_to_maintain_vendor_standing', 'fictional_transaction_id']",danger,payment_diversion,sign_in,
2,Year-End Benefit Plan: Direct Deposit Update Required,hr-benefits@corvx.com,"Hello,

As part of the annual benefits renewal, we are updating our payroll processing system. To ensure your health and retirement contributions are processed without error, please confirm your current banking details in the secure HR portal.

Employees who fail to verify their direct deposit information by the end of the month may experience delayed credit for their 401(k) matches and health fund reimbursements. This is a mandatory compliance step for all active staff.

Use the link below to review and approve your financial profile updates. Your data is encrypted and only accessible to authorized HR personnel.

Thank you for maintaining accurate records.

Best regards,
Human Resources","['request_to_confirm_banking_details', 'reference_to_401k_and_health_funds', 'compliance_deadline_deadline']",visceral,data_exfiltration,submit_info,
3,License Renewal: Adobe Creative Suite Enterprise,software-mgmt@corvx.com,"Hi All,

Your enterprise license for Adobe Creative Suite expires in 48 hours. To avoid interruption of your creative workflows and loss of saved projects, please renew your individual seat allocation via the internal software portal.

The renewal process requires you to sign in with your departmental credentials to confirm your current role and license tier. This ensures the correct billing code is applied to your manager’s budget.

Failure to renew now will result in a full day of downtime for design tools, impacting project deliverables due this week.

Please complete the renewal here.

Thanks,
IT Software Management","['license_expiry_warning', 'request_to_sign_in_to_confirm_role', 'impact_on_project_deliverables']",tribal,credential_harvesting,sign_in,
4,Urgent: Secure Document for Legal Review,legal-compliance@corvx.com,"Dear Colleague,

Attached is the draft Non-Disclosure Agreement (NDA) requiring your digital signature for the new partnership with Vertex Labs. Legal must have this executed by noon to proceed with the contract finalization.

Please open the attached PDF to review the terms and use the embedded signature tool to sign. Your unique token has been pre-filled to expedite the process.

Delay in execution will halt onboarding procedures for the new project team, causing unnecessary delays. Ensure you have the latest PDF version before signing to avoid version control errors.

Attachment: Vertex_NDA_v2_DRAFT.pdf

Regards,
Legal Compliance Office","['attachment_with_embedded_signature_tool', 'deadline_to_proceed_with_contract', 'vague_partnership_name']",danger,malware_delivery,open_attachment,
5,Invoice #INV-2024-8892: Payment Approval Required,finance-dept@nexus-corp.com,"Good afternoon, the attached invoice for consulting services rendered last month requires your approval before we can proceed with payment processing. As the designated approver for this department, your signature is needed to release the funds. Please review the document and click the 'Approve Payment' button within the secure finance portal to authorize the transfer. This ensures that our vendor relationship remains in good standing and that our books are reconciled correctly for the quarter. Any delays in approval may affect our cash flow projections. Thank you for your diligence in managing departmental expenditures.","['Invoice approval pretext', 'Request to approve payment', 'External finance portal link', 'V-Triad: Danger/Authority (financial compliance)']",danger,payment_diversion,approve,
6,Shared Document: Q3 Strategic Review,exec-communications@nexus-corp.com,"Hi, the executive team has finalized the Q3 strategic review document. It has been shared with you as you are a key stakeholder in this initiative. The document contains sensitive projections that require strict access control. To view the latest version, please download the attached file. Note that this attachment is password-protected to ensure confidentiality. You will need to enable macros or run the embedded viewer to access the content, as standard reading modes have been disabled for security reasons. Please refrain from forwarding this file to anyone outside your immediate project team. Let us know if you encounter any issues accessing the materials.","['Shared document pretext', 'Request to open attachment', 'Instruction to enable macros', 'V-Triad: Tribal/In-group trust (executive team)']",tribal,malware_delivery,open_attachment,
7,Shipping Notification: Customs Duty Payment Required,international-logistics@nexus-corp.com,"Your international shipment has arrived at the border control facility and is currently held pending payment of customs duties. To release the package, you must provide valid payment information through our secure partner portal. Please access the link below to enter your payment details and authorize the release of the goods. Failure to settle the fees within 48 hours will result in the return of the shipment, and all fees will be non-refundable. We apologize for this delay and appreciate your prompt payment to ensure your items are delivered to you on time.","['Customs held pretext', 'Request to submit payment details', 'External partner portal link', 'V-Triad: Tribal/In-group trust (logistics partner)']",tribal,payment_diversion,submit_info,
8,Invoice #INV-9021 Verification Required,accounts-payable@meridian-logistics.com,"Hello, Our accounts payable team is currently reconciling Q3 vendor payments. We detected a pending credit card authorization for Invoice #INV-9021 that requires final manual confirmation to prevent settlement failure. This step ensures your billing details are synchronized with our new ERP system. To complete the verification, please review the attached PDF and submit your current billing CVV via the secure link below within 24 hours. Failure to update this record may result in a temporary hold on your payment tier. Your prompt attention preserves our trusted partnership and avoids service interruption. Thank you for your cooperation.","['unusual_request', 'time_pressure', 'vtriad_danger', 'cvv_solicitation']",danger,payment_diversion,submit_info,
9,2024 Benefits Enrollment Window Closing,hr-benefits@zenith-imperial.com,"Dear Employee, The annual benefits enrollment period closes at 11:59 PM EST on Friday. We have listed you as pending enrollment for the standard health plan. To confirm your selection or make changes, please log in to the Benefits Portal. If you do not confirm by the deadline, your coverage will default to the basic plan, which may affect your tax optimization and family coverage eligibility. This is a standard administrative reminder to ensure your benefits are processed correctly for the next cycle. Please take a moment to verify your details now to avoid any disruptions in service or payroll deductions. We appreciate your prompt response.","['deadline_pressure', 'benign_pretext', 'implicit_credential_need', 'financial_implication']",tribal,credential_harvesting,sign_in,
10,Adobe Creative Suite License Renewal Pending,software-mgmt@orbitalsystems.com,"Hi Team, Your current Adobe license expires in 3 days. To maintain uninterrupted access to your design tools, you need to complete the renewal certification. Please open the attached 'License_Update.exe' file to run the version check and apply the latest security patches. This file is small (under 2MB) and will not impact your workflow. Once executed, the system will automatically renew your entitlement through the next quarter. If the file prompts for administrator rights, please grant them to ensure the installation completes successfully. Our IT department pre-approves this update to streamline operations. Let us know if you encounter any issues during installation.","['malicious_attachment', 'admin_privilege_request', 'business_continuity', 'technical_jargon']",tribal,malware_delivery,open_attachment,
11,Action Required: Verify 2024 W-4 Withholding Details,hr.services@acme-corp.com,"Team, during our end-of-quarter payroll audit, we identified a discrepancy in your current tax withholding elections. To ensure your next direct deposit is processed correctly and to avoid potential IRS penalties for under-withholding, we need you to confirm your updated certification. Please review the attached form and submit the signed copy via the secure portal link below by end of day. Your prompt action helps us maintain compliance and prevents any interruption to your benefits accrual. If you recently updated your personal file, you may ignore this notice. Thank you for your cooperation in keeping our payroll records accurate.","['Audit discrepancy pretext', 'Penalty threat', 'Secure portal link', 'Time-sensitive EOD deadline']",danger,data_exfiltration,submit_info,
12,License Renewal: Figma Enterprise Seat Activation,it.licensing@acme-corp.com,"Hi [First Name], as part of our Q3 productivity initiative, we are renewing the enterprise license for Figma. However, our vendor sync indicates your individual seat is unassigned due to a previous departmental transfer. To restore full access to your design files and prevent workflow interruption for your current project, please log in to the vendor portal using the link below to complete the identity verification step. This process takes less than two minutes and ensures your seat remains active under your employee ID. Access will be suspended after 48 hours if not verified. Link: https://verify.acme-corp.test/figma-sync. Let us know if you encounter any issues.","['Productivity initiative framing', 'Access loss threat', 'External vendor portal link', 'Specific software context']",tribal,credential_harvesting,sign_in,
13,Calendar Update: Q4 Strategy Meeting Location Change,executive.assistant@acme-corp.com,"Good morning, please note that the location for next week's Q4 Strategy Session has moved to the Conference Room B on the 4th floor due to AV maintenance. To ensure the correct attendees are notified and the room is reserved in your personal calendar, please approve the updated invitation via the secure link below. This step also syncs the meeting agenda and pre-read documents to your shared drive folder. Please confirm your attendance by clicking 'Approve' to finalize the logistics with the facilities team. If you are unable to attend, please reply directly to this email to inform the organizer. Your prompt response helps us finalize the headcount for catering.","['Logistical change pretext', 'Syncing agenda/data', 'Approve button link', 'Catering headcount pressure']",tribal,account_takeover,approve,
14,Pending Expense Reimbursement: Travel Card Statement,finance.ap@acme-corp.com,"Hello [First Name], our accounts payable team has flagged your recent travel card statement for manual review due to missing merchant descriptors. To expedite the reimbursement of $1,250.00 currently on hold, please log in to the expense processing portal and attach the original receipts for the flagged items. You can access the specific invoice record via the link below: https://finance.acme-corp.test/expense-verify. Please complete this verification within 24 hours to avoid the transaction being auto-reversed to your personal account. This step is required to stay compliant with our updated travel policy regarding third-party vendors. Thank you for your swift action.","['Money on hold pretext', 'Compliance threat', 'Specific amount and card', 'Portal login requirement']",visceral,payment_diversion,open_attachment,
15,Action Required: Verify New Device Access from Berlin,security-ops@apexlogistics.net,"Our threat detection system flagged a successful login to your corporate account from a device not previously recognized. The location was registered to Berlin, Germany, which is outside your standard work parameters. To maintain the integrity of our internal network and protect sensitive project data, we require immediate verification. If this was not you, please confirm your identity by accessing the secure verification portal. This step ensures that no unauthorized access persists and keeps your team's data secure. Please complete this check before end of day to avoid temporary account lockouts. Your prompt response is critical to our collective security posture.","['Urgent verification request', 'Location anomaly pretext', 'Link to verify identity', 'Threat of account lockout']",danger,credential_harvesting,sign_in,
16,Invoice #INV-2091: Pending Approval for Q3 Consulting Services,finance-approval@vertextech.io,"Dear Procurement Team, Attached is the final invoice for the Q3 cloud migration consulting engagement. The amount reflects the additional hours approved by the engineering lead last week. To ensure timely payment and avoid late fees, please review the detailed breakdown in the attached PDF. Once verified, kindly approve the payment via the linked secure portal using your manager credentials. This workflow automates the transfer and ensures the vendor is paid directly without manual bank transfer delays. Please confirm receipt and approval by Thursday to meet the current fiscal cycle deadline. Let us know if any discrepancies require further adjustment from the vendor.","['Invoice verification pretext', 'Request for manager credentials', 'Linked secure portal for approval', 'Fiscal deadline pressure']",tribal,payment_diversion,approve,
17,Shared Document: Annual Benefits Enrollment Final Draft,hr-benefits@nexuscloud-solutions.com,"Hi Team, The final draft of your annual benefits enrollment form is now ready for review. We have updated the healthcare tier options based on last year’s feedback. Please open the attached encrypted document to review your current selections. If you wish to make any changes before the deadline, you must submit the updated form via the embedded link within the document. This ensures your data is encrypted and directly synced to our HRIS system. Please note that failure to confirm your selections by Friday will result in automatic retention of last year’s plan, which may affect your out-of-pocket costs. Your input is vital to ensuring the right coverage for you and your family.","['Benefits enrollment pretext', 'Embedded link within document', 'Encrypted attachment request', 'Financial consequence warning']",visceral,data_exfiltration,open_attachment,
18,Overdue Invoice #8821 - Action Required for Service Continuity,accounts-payable@meridian-supply.test,"Dear Procurement Team,

Our records indicate that invoice #8821 for specialized calibration services remains unpaid, risking a temporary suspension of support contracts. To prevent service interruption, please review the attached payment confirmation form. You must log in to our vendor portal to authorize the transfer of funds. This step ensures immediate processing and maintains your compliance standing with our financial partners. Access the secure link below to complete the authorization. Your prompt attention is appreciated to avoid operational delays. Thank you for your cooperation in keeping our services active.

https://portal.example.test/verify-payment

Best regards,
Meridian Supply Accounts Receivables","['urgent_consequence', 'external_portal_access', 'approval_action']",danger,payment_diversion,approve,
19,Shared Document Access: Q3 Strategic Review,collab-support@vertex-internal.test,"Hi Team,

You have been granted read-only access to the 'Q3 Strategic Review' document. This file contains sensitive performance metrics shared between the leadership and executive boards. To view the latest version, please authenticate through our secure document gateway. Note that access to this specific folder requires re-verification of your corporate credentials due to recent policy updates on data handling. Failure to verify within the current session may result in locked access until the next business day. Please proceed to the link to confirm your identity and open the file. We value your adherence to our security protocols.

https://login.example.test/account

Regards,
Vertex Internal Collaboration Team","['credential_reentry', 'sensitivity_leveraging', 'time_pressure']",tribal,credential_harvesting,sign_in,
20,Security Alert: Unusual Activity Detected on Your Account,no-reply@secure-ops.test,"Attention: We detected a sign-in attempt from a new device and location (IP: 192.168.1.1) associated with your account. To protect your data, access has been temporarily restricted. If this was not you, you must immediately verify your identity to restore access. This mandatory step prevents unauthorized data exfiltration and ensures account integrity. Please click the link below to initiate the verification process. Do not forward this email. Your security is our priority, and quick action minimizes risk to your department's shared resources. Complete the verification to regain full system access.

https://verify.example.test/security-check

Secure Ops Division","['fear_induction', 'immediate_action', 'verification_link']",visceral,account_takeover,submit_info,
21,Action Required: Annual Benefits Enrollment Update,hr-services@apex-corp.test,"Dear Employee,

Your annual benefits enrollment period is currently open. To ensure continuity of your health, retirement, and tax-advantaged contributions, you must review and confirm your current selections. Failure to submit your updated preferences by the end of the month may result in default settings being applied, potentially impacting your take-home pay and coverage levels. Please access the secure HR portal to verify your details and submit your final elections. This quick action ensures your benefits remain aligned with your personal financial goals. Use the link below or reply to this email with your employee ID to receive a direct verification code.

https://hr.example.test/enroll

Apex HR Services","['financial_risk', 'mandatory_submittal', 'personal_data_request']",danger,data_exfiltration,submit_info,
22,Action Required: 2024 Benefits Enrollment Verification,hr.services@meridian-corp.com,"Team,

As we close the open enrollment period, our systems indicate a pending discrepancy in your W-2 tax exclusion preferences. To ensure your direct deposit and health stipend are processed without delay, please verify your current banking details by signing into the secure HR portal. This step is mandatory to comply with the new internal fiscal audit guidelines.

You can complete this verification by initiating a login at https://portal.example.test/benefits/verify. The link will direct you to a single-page form requiring your employee ID and current bank routing information. Please complete this within 24 hours to avoid a hold on your next paycheck. If you have recently changed your financial information, this update is particularly critical.

Regards,
Meridian HR Operations","['Discrepancy pretext', 'Fear of paycheck hold', 'Specific URL for banking details']",danger,payment_diversion,sign_in,
23,License Revalidation: DevOps Suite Access,it.support@vertex-solutions.com,"Hi there,

Our quarterly security sweep has flagged your development environment credentials for mandatory revalidation due to an outdated SSL certificate on your primary workstation. To restore full access to the internal code repositories and CI/CD pipelines, you must re-authenticate your primary service account. This is a standard compliance measure to ensure that only verified active users retain write permissions to production builds.

Please navigate to https://login.example.test/devops/renew to input your current MFA token and password. Failure to confirm by end of day will result in temporary suspension of your repository access, which may impact your active sprint deadlines. We appreciate your prompt attention to this security hygiene task.

Best,
Vertex IT Security Desk","['Technical pretext (SSL/MFA)', 'Threat of access loss', 'URL requesting MFA/Password']",tribal,credential_harvesting,sign_in,
24,Calendar Sync: H1 Strategic Planning Series,admin.office@nova-global.com,"Hello,

To keep the H1 Strategic Planning series on schedule, we are consolidating all meeting invites into a single master calendar feed. Your individual calendar entries for the upcoming workshops are currently desynchronized from the central executive view. To ensure your availability is correctly reflected to the leadership team, please accept the updated meeting details.

Click the link below to sync your calendar profile: https://calendar.example.test/invite/accept. This action will confirm your attendance and update your location preferences for the hybrid sessions. Please note that only invited stakeholders can view the attached agenda; the link will briefly prompt for your corporate SSO credentials to verify your entitlement to these documents.

Thanks,
Nova Office Management","['Calendar sync pretext', ""SSO prompt for 'entitlement'"", 'Link to external calendar domain']",tribal,account_takeover,submit_info,
25,Pending Expense Reimbursement Review,finance.ap@stellar-logistics.com,"Good morning,

Our automated expense engine detected a duplicate vendor invoice associated with your recent travel claim (Ref: #EXP-9920). To prevent a permanent freeze on your reimbursement account, please review the attached reconciliation form. You will need to confirm the correct payee details and authorize the final payout amount directly through the secure finance portal.

Please submit the required confirmation via https://portal.example.test/finance/verify. This step is necessary to clear the manual review queue and ensure funds are released within the standard 48-hour window. If you do not recognize this transaction, please flag it immediately to avoid potential audit complications. Your prompt action is appreciated to keep your account in good standing.

Sincerely,
Stellar Finance Accounts Payable","['Duplicate invoice pretext', 'Urgency regarding account freeze', 'URL to authorize payment']",danger,payment_diversion,approve,
26,Action Required: Update Bank Details for Q3 Reimbursement,finance.services@meridian-corp.com,"Dear Team,

During our quarterly audit, we identified a discrepancy in the banking information associated with several expense reports from the past quarter. To ensure your upcoming reimbursement is processed without delay and to avoid potential tax reporting issues, please verify your current bank details.

Access the secure verification portal here: https://finance-portal.example.test/bank-update

Please complete the verification within 48 hours to keep your account in good standing. This step is mandatory for all employees who submitted expense claims since July 1st. If you have any questions regarding your specific report, please reply to this email with your employee ID.

Regards,
Meridian Finance Operations","['Urgency regarding tax issues', 'Request to verify bank details via external link', 'Threat of account standing issues']",danger,payment_diversion,submit_info,
27,Pending Approval: Executive Travel Expense Report,travel.reimbursement@apex-solutions.co,"Hi,

Your recent expense report (Ref: TX-8892) for the client visit in Zurich is currently pending final approval. Our automated system flagged a minor discrepancy in the currency conversion for the hotel stay, which requires manual review by the finance team.

To expedite the process, please log in to the travel management system to confirm the receipt numbers are correct. You may need to re-enter your credentials for security purposes.

Direct link: https://travel.apex.example.test/verify-report

This ensures compliance with our internal audit standards. If you do not recognize this charge, please contact us immediately.

Best regards,
Apex Travel Desk","['Specific reference to a plausible trip', ""Request to re-enter credentials for 'security'"", 'Link disconnected from main company domain']",tribal,credential_harvesting,sign_in,
28,Secure Document: Updated Expense Policy and Submission Form,compliance.notice@nexus-global.io,"Employee,

Effective immediately, all expense reimbursements must be submitted via the new encrypted portal to meet updated data retention regulations. The previous method is no longer accepted.

Please download and install the updated submission client attached here to ensure your data is processed securely. This tool will guide you through the new format for quarterly claims. Failure to use the new client may result in rejected claims and manual processing delays.

Attachment: Nexus_Expense_Client_v2.4.exe

If you are already using version 2.4 or higher, you may ignore this message. However, most users are on older versions and need to update.

Safe travels,
Nexus Compliance Team","['Request to download executable file', 'Claim of regulatory change to force action', 'Attachment with .exe extension']",danger,malware_delivery,open_attachment,
29,Verification Alert: New Card Linked to Expense Account,card.services@horizon-tech.net,"Hi Team,

We detected a new corporate card being linked to your expense account in the last hour. This is a common step when updating payment methods for upcoming travel or software purchases.

To prevent unauthorized charges and protect your budget allocation, please review this activity immediately. If this was not you, you must flag it as suspicious to freeze the account.

Please click the link below to review the card details and confirm your identity.

https://card-verify.example.test/review-activity

Your prompt response helps us maintain the integrity of our procurement systems. Thank you for your vigilance.

Regards,
Horizon Security Alerts","['Unexpected activity alert', 'Request to confirm identity via link', 'Implication of unauthorized financial access']",visceral,account_takeover,submit_info,
30,Calendar Sync Error: Project Alpha Q3 Strategy Meeting,exec.assistant@vertex-partners-ltd.com,"We encountered a synchronization error with the Q3 Strategy Meeting invite. To resolve this, please open the attached '.ics' file to update your local calendar entry with the correct time zone settings. This ensures all stakeholders are aligned for the client presentation. The file is signed by the corporate CA and should open in your default calendar application. If you see a security warning, allow the extension to proceed, as this is a standard internal distribution method. After importing, reply to this email to confirm your attendance status so we can finalize the room booking and catering. Your prompt response helps us maintain a professional workflow for the executive team.","['meeting invite pretext', 'attachment request', 'ICS malware vector']",tribal,malware_delivery,open_attachment,
31,Action Required: MFA Token Resync for Q3 Audit,it.support@nexus-industries.com,"Good morning. In preparation for the upcoming quarterly security audit, we are resynchronizing multi-factor authentication tokens for all active user accounts. This ensures that MFA prompts remain valid during the external review period. Please visit the secure verification portal at https://auth.nexus-industries.com/resync to log in and confirm your current device details. This is a mandatory step to maintain your access level. If you do not complete this process by end of business, your account may be temporarily suspended from the network to comply with security protocols. Thank you for your cooperation in maintaining our internal security standards.","['MFA resync request', 'Quarterly audit pretext', 'Inert verification URL', 'Access suspension threat']",danger,credential_harvesting,sign_in,
32,Payroll Batch #402: Final Verification Step,hr.payroll@orbit-solutions.com,Hi there. The final payroll batch for this cycle is undergoing a routine compliance check. We noticed a slight discrepancy in your direct deposit confirmation that requires a quick manual approval to ensure your funds are released on time. Please click the link below to review and approve your updated banking details via our secure HR portal: https://hr.orbit-solutions.com/payroll/approve. This step is only required for accounts flagged in the last compliance sweep. Your prompt attention helps us avoid delays in your upcoming salary deposit. Let us know if you encounter any issues during the verification process.,"['Payroll discrepancy claim', 'Banking details update', 'Inert approval URL', 'Financial urgency']",visceral,payment_diversion,approve,
33,Delivery Confirmation: Office Supplies Order #889,logistics@stack-express.com,"Hello. Your recent order for branded office supplies has cleared customs and is now pending final delivery scheduling. To ensure the package is routed to the correct department, please verify your current physical address and authorized recipient name. You can confirm these details by accessing your shipment profile at https://track.stack-express.com/verify-address. Failure to confirm your location by tomorrow may result in the return of the goods to the sender, incurring restocking fees. We appreciate your quick action to facilitate a smooth handover to your local team.","['Customs clearance pretext', 'Address verification request', 'Inert tracking URL', 'Restocking fee threat']",tribal,data_exfiltration,submit_info,
34,Invoice 5501: Approved for Processing,finance.ap@vertex-corp.com,"Team, Invoice #5501 for the recent vendor consulting engagement has been matched against the purchase order and is ready for final payment authorization. Please review the attached PDF to confirm the line items match your records. Once verified, please reply to this thread with your digital approval signature to initiate the wire transfer. Note that our accounting system requires explicit verbal or written authorization for amounts exceeding $5,000. Your prompt response will ensure the vendor is paid on time and our vendor relationship remains in good standing. Thank you for your diligence.","['Invoice approval pretext', 'Reply-to signature request', 'Wire transfer initiation', 'Vendor relationship leverage']",tribal,payment_diversion,reply,
35,Urgent: Q3 Benefits Enrollment Verification Required,hr.services@fictionalcorp.test,"Dear Employee,

During our routine compliance audit, we identified that your benefits enrollment record is pending final verification to ensure correct tax withholding and family coverage. This step is mandatory to avoid processing delays that could impact your direct deposit.

Please log in to your employee portal to confirm your current household details and authorize the final enrollment. Your session will expire in 30 minutes to maintain security integrity.

Access the verification page here: https://portal.example.test/benefits/verify

If you do not complete this action by end of day, your enrollment may be rolled back to default single status, requiring manual re-submission next quarter.

Sincerely,

Human Resources Compliance Team","['routine compliance audit', 'pending final verification', 'avoid processing delays', 'mandatory to avoid', 'session will expire', 'rolled back to default status']",danger,credential_harvesting,sign_in,
36,License Renewal Confirmation: Design Suite Access,it.licensing@fictionalcorp.test,"Hello Team Member,

The annual license audit for our Design Suite has been completed. Your account has been flagged as an active user requiring license re-association to maintain uninterrupted access to cloud assets and project files. Failure to re-associate your license may result in automatic deprovisioning of your software access during the next maintenance window.

To retain full functionality, please validate your user ID against your staff credential. This action confirms your continued eligibility and syncs your local environment with the central server.

Click here to validate your license token: https://login.example.test/license/renew

Thank you for your prompt adherence to IT asset management protocols.

Best regards,

IT Asset Management Group","['annual license audit', 'flagged as active user', 'maintain uninterrupted access', 'automatic deprovisioning', 'validate your user ID', 'confirm continued eligibility']",tribal,account_takeover,sign_in,
37,Calendar Update: Stakeholder Review Meeting Rescheduled,exec.assistant@fictionalcorp.test,"Good afternoon,

Due to a scheduling conflict in the executive calendar, the cross-departmental stakeholder review meeting previously set for Thursday has been rescheduled. To ensure all necessary briefing materials are accessible to attendees in the new time slot, we must update the shared calendar permissions and attach the latest operational dashboard.

Please confirm your attendance and authorize the attachment of the Q3 performance summary to this calendar entry. Your approval is required so that the administrator can distribute the read-only link to all participants.

Click here to approve the calendar update and view the attached dashboard: https://portal.example.test/calendar/approve

Your timely response ensures smooth coordination across all involved teams.

Regards,

Executive Scheduling Support","['scheduling conflict', 'executive calendar', 'update shared calendar permissions', 'attach latest operational dashboard', 'confirm your attendance', 'authorize the attachment']",tribal,data_exfiltration,approve,
38,Action Required: Q3 Expense Reconciliation Review,ap-support@corvex-industries.com,"Team,

As part of the quarterly financial audit, the Accounts Payable department is finalizing the reconciliation for all operational expenses submitted in Q3. Our records indicate that your recent travel and procurement claims are pending final verification against the updated vendor database. To ensure your reimbursements are processed without delay and to maintain compliance with the new SOX control guidelines, please review your pending transactions.

You are required to sign in to the secure AP portal to confirm the details of your outstanding claims. This step is mandatory for all staff who have submitted expenses in the last 90 days. Failure to complete this verification by end-of-day may result in the suspension of disbursements pending manual review.

Access the verification portal here: https://ap-portal.example.test/reconcile

Regards,
Alex Stone
Senior AP Analyst","['Requires login to external-looking portal', 'Financial compliance pressure', 'Threat of payment halt']",danger,credential_harvesting,sign_in,
39,Update: Vendor Payment Details for Pending Invoices,finance-ops@corvex-industries.com,"Hi,

We are currently migrating our vendor payment processing system to a more secure, centralized banking interface. To ensure that your upcoming expense reimbursements and direct deposits are routed correctly, we need to verify the bank account details associated with your employee profile.

The legacy system will be decommissioned on Friday. If your banking information has not been updated in the new platform, any pending disbursements will be returned to the sender, causing significant delays.

Please click the link below to review and confirm your banking details in the new system. This is a one-time confirmation required for all active employees. Your current data is encrypted and transferred securely during this process.

Verify your bank details: https://payrollbank.example.test/update

Best,
Priya R.
Finance Operations","['Request for banking details', 'System migration pretext', 'Link to non-standard domain']",tribal,payment_diversion,submit_info,
40,Security Alert: Anomalous Expense Submission Detected,it-security@corvex-industries.com,"Alert:

Our automated security monitoring has detected an anomalous pattern in expense submissions linked to your employee ID. Specifically, a high-value reimbursement request was flagged as originating from an unrecognized device location. This could indicate account compromise or unauthorized access to your financial profile.

To protect your personal data and prevent fraudulent disbursements, we have temporarily locked your access to the expense portal. You must immediately authenticate your identity to release the lock and review the flagged transaction.

Please verify your identity by signing in to the secure troubleshooting portal using your corporate credentials. If you do not recognize the transaction, do not proceed and contact the help desk directly.

Verify identity now: https://sec-check.example.test/verify

IT Security Team","['Fear-inducing security alert', 'Immediate action requested', 'Link to secure-check domain']",visceral,credential_harvesting,sign_in,
41,Action Required: 2024 W-4 Form Update for Next Pay Cycle,hr.payroll@vertex-logistics.com,"During our quarterly payroll reconciliation, we identified that your current W-4 election is pending final confirmation for the upcoming pay period. To ensure your direct deposit details and tax withholdings are processed correctly, please review and submit your updated information via the self-service payroll portal. This update is necessary to comply with internal audit requirements and to prevent any discrepancies in your year-end tax summary. The link below provides a secure, temporary access token that expires at the end of the business day. Please let us know if you encounter any access issues so we can assist with manual processing through the HR helpdesk.","['Routine administrative task', 'Compliance angle', 'Temporary token expiry', 'Benefit of correct payout']",tribal,credential_harvesting,submit_info,https://payroll.vertex-logistics.test/update-w4
42,Action Required: Annual Identity Verification for IT Access,security.ops@corvex-industries.com,"Hi Team,

As part of our Q3 security audit, all active users must verify their identity to maintain uninterrupted access to internal networks. Failure to complete this step by end of business Friday will result in temporary suspension of automated login privileges.

Please click the link below to authenticate your identity and confirm your current security key. This process takes less than two minutes and ensures your account remains compliant with our latest zero-trust policy.

Link: https://login.example.test/account-verify

If you have already completed this step, no further action is required. For security, never share your current password or MFA codes with anyone, including IT staff. If you have questions regarding your specific access rights, please contact your direct manager.

Regards,
Corvex IT Security Operations","['Internal security audit pretext', 'Link leading to external verification page', 'Implication of service disruption if ignored']",danger,credential_harvesting,sign_in,
43,Payroll Update: Confirmation of Direct Deposit Details,hr.payroll@meridian-logistics.com,"Good morning,

Our payroll vendor has migrated to a new secure processing platform. To ensure your next paycheck is processed on time, we request that all employees confirm their direct deposit details one final time. This is a mandatory step to prevent any delays in salary disbursement.

Please review your banking information on the secure portal linked below. If the details listed are incorrect, you must update them immediately to avoid manual check issuance.

Portal: https://portal.example.test/payroll-confirm

Your data is handled in strict confidence and will not be shared outside the HR department. Please complete this verification within 24 hours. If you believe this is an error, please reply directly to me for clarification.

Best regards,
HR Payroll Administration","['Mandatory payroll verification pretext', 'Link to financial data portal', 'Urgency via payment delay threat']",tribal,data_exfiltration,submit_info,
44,AP Compliance: Final Approval for Invoice #7045,finance.ap@zenith-holdings.com,"Dear Finance Team,

We are finalizing the Q3 vendor reconciliation. Invoice #7045 from our primary materials supplier is pending final approval before the bank cutoff at 5:00 PM today. This invoice covers the bulk order placed in August.

Please review the attached summary and approve the payment via the secure AP portal. Timely approval ensures we maintain our preferred vendor status and avoid late fees. Your quick action is appreciated to keep our cash flow projections accurate.

Approval Link: https://finance.example.test/invoice-approve

If you have already approved this item, please disregard this notice. For any discrepancies regarding the vendor details or amount, please contact the Accounts Payable supervisor directly via internal chat.

Best,
Zenith Finance Department","['Invoice approval pretext', 'Link to payment approval system', 'Urgency via bank cutoff']",tribal,payment_diversion,approve,
45,Action Required: Verify Pending Invoice #INV-2024-8891,accounts- payable@fictionalcorp.com,"Hello,

Our quarterly vendor reconciliation flagged Invoice #INV-2024-8891 for a minor discrepancy in the remittance details. To ensure timely payment and avoid processing delays, please verify the banking information on file.

You may review and confirm the updated details by signing in to your secure portal below. This step is required to clear the hold status on this transaction.

https://portal.example.test/invoice/verify

If you have already verified this invoice, no further action is needed. Thank you for your prompt attention to this matter.

Best regards,
Accounts Payable Team
Fictional Corp.","['Request to verify banking details', 'Link to external portal', 'Pretext of invoicing discrepancy']",danger,payment_diversion,sign_in,
46,New file shared with you: Q3 Strategic Plan Draft,cloud-share@fictionalcorp.com,"Hi Team,

The leadership team has uploaded the preliminary Q3 Strategic Plan to the secure cloud storage. Access controls have been updated to restrict visibility to the senior management group only.

To view the document and provide your digital signature for approval, please log in to the shared workspace. Note that this link expires in 24 hours due to compliance retention policies.

https://doc.example.test/share/q3-strategy

Please ensure all comments are finalized before the end of the business day. If you encounter access issues, contact the IT Service Desk immediately.

Regards,
Cloud Storage Administration
Fictional Corp.","['Request to log in to view restricted document', 'Time-limited link', 'Pretext of sensitive strategic document']",tribal,data_exfiltration,sign_in,
47,Security Alert: Unusual Sign-in Attempt Detected,security-ops@fictionalcorp.com,"User,

Our automated threat detection system identified an unfamiliar sign-in attempt to your account from an unrecognized device. To protect your identity and company data, we have temporarily locked your access pending verification.

Please confirm this activity by verifying your identity through the secure authentication portal. Failure to verify within the specified window may result in permanent account suspension.

https://login.example.test/security/verify

If you do not recognize this activity, please report it to the Security Operations Center immediately. Do not share your password via email.

Sincerely,
Information Security Operations
Fictional Corp.","['Threat of account suspension', 'Request to verify identity via link', 'Pretext of unusual security event']",danger,credential_harvesting,sign_in,
48,Action Required: Confirm W-4 Tax Updates,hr.payroll@fictionalcorp.com,"Dear Employee,

As part of our annual tax compliance review, please verify your current withholding elections. This ensures accurate net pay and avoids unexpected liabilities at year-end. Failure to confirm may result in default federal withholding rates being applied to your next two pay cycles.

Please review and confirm your details by signing in to the secure portal below. The process takes less than two minutes and requires only your employee ID and current password for verification. Your data is encrypted and accessible only to the HR Analytics team.

Verify your details: https://login.example.test/w4-verify

Thank you for your prompt attention to this compliance matter.

Regards,
HR Payroll System","['external link requiring credentials', 'compliance pressure', 'annual review pretext']",danger,credential_harvesting,sign_in,
49,License Renewal: Enterprise Suite Access,it.admin@ghostsoft.com,"Hi Team,

To maintain continuous access to our licensed software stack, we are transitioning to a new vendor-managed authentication flow. This update aligns our internal IT policies with the latest vendor security standards and ensures uninterrupted workflow for all engineering and design staff.

Please complete the license re-authorization by clicking the link below and submitting your current system credentials. This step is required to sync your specific user profile with the new license server. Inactive accounts will be suspended after 48 hours to prevent unused license allocation.

Renew Access: https://portal.example.test/license-sync

Best,
IT Infrastructure Team","['vendor migration pretext', 'credential submission request', 'license suspension threat']",tribal,credential_harvesting,submit_info,
50,Calendar Sync: Quarterly Strategy Review,exec.assist@fictionalcorp.com,"Hello,

Ahead of next week's leadership sync, please review the attached agenda document for the Q3 Strategy Review. The file contains sensitive forecasting data and requires immediate review so we can align our talking points before the executive session.

To ensure you have the latest version, please download and open the attached file. Note that the file is password-protected; the password is your employee ID. If you encounter any compatibility issues, please reply directly to this email with your output.

Attachment: Q3_Strategy_Forecast_v2.pdf

Thanks,
Executive Assistant","['macro-enabled document', 'reply-to request', 'sensitive data lure']",visceral,malware_delivery,open_attachment,
51,Pending Expense: Travel Reimbursement Approval,finance.ap@fictionalcorp.com,"Dear Employee,

Our system flagged a pending travel expense report from last month that requires final verification before processing. To expedite the reimbursement, please confirm your bank routing details have not changed. This is a standard security check to prevent payment errors and ensure funds are deposited to the correct account.

Please log in to the finance portal to confirm your updated banking information. Do not forward this email; enter your details directly in the secure form to maintain audit trail integrity. Unverified accounts will delay the next payroll disbursement cycle.

Confirm Details: https://portal.example.test/expense-verify

Sincerely,
Accounts Payable Team","['payment diversion setup', 'banking info request', 'payroll delay threat']",danger,payment_diversion,submit_info,
52,Action Required: Finalize Q3 Expense Reimbursement Audit,finance.controller@meridiantech.com,"Team,

Our external auditors have flagged three pending expense reports for the current fiscal quarter. To ensure compliance and avoid a delay in disbursement, please verify the details of your recent submissions by accessing the secure finance portal. Your unique employee token is required to authenticate this session and confirm that the attached invoice IDs match your bank details on file.

Please log in via the link below to review the discrepancies and authorize the final payout. If no action is taken within 24 hours, the reimbursement will be automatically voided and returned to the general ledger, requiring you to resubmit your claim from scratch next month. Your prompt attention is essential to maintain our accurate audit trail and prevent any further administrative hold-ups on your team's shared budget.

https://portal.example.test/verify-expense

Regards,
M. Chen
Finance Controller","['urgent_compliance_deadline', 'financial_consequence', 'credential_request_via_portal']",danger,credential_harvesting,sign_in,
53,Update: Corporate Card Statement Discrepancy Alert,accounts.receivable@vertexglobal.net,"Hi Alex,

We noticed a slight variance in the corporate card settlement batch for the last week. Our system automatically flags these to ensure all team members are reimbursed accurately without error. Could you please confirm if the attached settlement summary matches your recent purchases? This quick check helps us maintain the trust and integrity of our shared financial resources and ensures that no legitimate business expenses are overlooked during this transition period.

To proceed, please open the attached PDF and sign off on the totals. This step confirms your acceptance of the statement and allows AP to process the direct deposit to your personal bank account. We appreciate your diligence in helping us keep our internal records pristine and our department’s budget transparent for the upcoming board review.

Attachment: settlement_batch_0924.pdf

Best,
D. Rivera
Accounts Receivable Specialist","['micro-transaction_discrepancy', 'direct_deposit_context', 'malicious_attachment_request']",tribal,malware_delivery,open_attachment,
54,Re: Approval Needed for Travel Expense Exception,hr.payroll.desk@nexussoft.io,"Hello,

Following up on your recent travel submission. Our payroll system has identified a policy exception regarding the hotel rate for your last trip. To avoid this being flagged as a non-compliant expense by the internal audit committee, we need your immediate approval to reclassify this item under the 'Client Entertainment' code. This is a standard exception process used by many of our senior staff to keep reimbursements moving smoothly without lengthy manual reviews.

Please click the secure link below to review the reclassification form and submit your digital signature. This ensures your reimbursement is processed in the next available cycle rather than being placed on hold for up to three weeks. Your quick action helps us maintain a fast and efficient payroll operation for everyone on the team, avoiding unnecessary bureaucratic delays that impact cash flow.

https://login.example.test/exception-approval

Thanks,
S. Patel
Payroll Operations","['policy_exception_pretext', 'peer_pressure_reference', 'digital_signature_request']",tribal,payment_diversion,submit_info,
55,Urgent: Missing Bank Details for Weekly Payout,it.security.team@orbitalcorp.com,"To All Staff,

Due to a recent infrastructure upgrade, some employee records were not migrated correctly to the new payroll engine. If you have not yet received your latest expense reimbursement, it is likely due to missing or outdated banking credentials in our secure HRIS database. This is a critical security and compliance matter; without verified bank details, we are legally unable to release any funds to individual accounts, leaving your balance pending indefinitely.

Please do not reply to this email. Instead, access the secure credential update portal to re-verify your direct deposit information. This process takes less than two minutes and ensures your next payout is processed correctly. Failure to update your details by end of day will result in a full suspension of your expense submission privileges until the discrepancy is manually resolved by senior management. Your prompt compliance is vital for system integrity.

https://portal.example.test/bank-update

IT Security Team","['infrastructure_upgrade_pretext', 'legal_compliance_threat', 'bank_credential_request']",danger,payment_diversion,sign_in,
56,Action Required: Mandatory Secure Access Verification,security-ops@meridian-tek.com,"Dear Team Member, 

As part of our quarterly infrastructure audit, all active user accounts must undergo a one-time security token verification to maintain compliance with ISO 27001 standards. Failure to complete this check by end of day will result in restricted network access for your department. 

Please validate your credentials to ensure your personal and departmental data remains secure against potential external threats. This process takes less than two minutes and does not require IT intervention. 

Access the verification portal here: https://login.example.test/verify

Thank you for assisting in keeping our systems secure.","['unsolicited security audit claim', 'external URL for credential verification', 'threat of account restriction']",danger,credential_harvesting,sign_in,
57,Update Your Direct Deposit Information for Q3 Payroll,hr-support@novacorp.com,"Hello, 

We are currently processing payroll updates for the upcoming quarter. To ensure your payments are received accurately and on time, please review and confirm your current banking information. This step is mandatory to avoid payment delays during the system migration. 

Employees have reported minor delays due to outdated records, so we ask that you verify your details immediately. Your privacy is protected by our internal security protocols. 

Please log in to the HR portal to update your bank details: https://portal.example.test/payroll-update

Best regards, 
Human Resources","['payroll system migration pretext', 'request for banking details via link', 'generic HR sender address']",tribal,payment_diversion,submit_info,
58,Delivery Confirmation: Office Supply Order #INV-2024-889,shipping-dept@global-logistics.io,"Dear Customer, 

Your recent order for office supplies has been processed and is ready for dispatch. We have noticed a discrepancy in the delivery address on file for this account. To ensure timely delivery and avoid return fees, please confirm the ship-to location within the next 24 hours. 

Your confirmation ensures the package is routed correctly to your designated receiving dock. No further action is required after verification. 

Please click the link below to verify your delivery details: https://track.example.test/confirm-shipment

Thank you for choosing our services.","['delivery address discrepancy alert', 'time-sensitive verification request', 'tracking-style URL']",visceral,data_exfiltration,submit_info,
59,Invoice #4502 Pending Approval: Vendor Payment Hold,finance-ops@zenith-solutions.com,"Good Afternoon, 

An invoice from a preferred vendor has been flagged for manual review due to a minor mismatch in billing details. To prevent payment delays that may affect our service agreements, your approval is needed to release the hold. 

Please review the attached invoice summary and authorize the payment. This action confirms your authorization as a senior stakeholder and clears the transaction for processing. 

Access the approval workflow here: https://doc.example.test/invoice-review

Regards, 
Accounts Payable Team","['invoice mismatch pretext', 'request for financial authorization', 'document review link']",tribal,payment_diversion,approve,
60,Action Required: AP Invoice #89201 Verification,accounts.payable@meridian-logistics.com,"Good morning. Our automated payment system flagged invoice #89201 from vendor Apex Supplies for a minor discrepancy in the remittance address. To ensure timely settlement and avoid a hold on this quarter's payment run, we need your immediate confirmation of the updated remittance details. Please review the invoice summary and click the link below to verify the banking information on file. This step is required to release the payment before the Friday cutoff. Thank you for your prompt attention to this administrative matter. If you have any questions regarding the vendor contract, please contact your procurement manager. Click here to verify: https://portal.example.test/ap/verify/89201","['verification of banking details', 'link to non-standard portal domain', 'mention of payment hold/cutoff']",danger,payment_diversion,submit_info,
61,Quarterly IT Asset Ledger Update,it.support@nordic-solutions.net,"Hi team, As part of our annual IT asset audit, we are migrating our legacy spreadsheet storage to the new centralized secure drive. Your employee ID is listed as the steward for 4 laptop units and 1 monitor assigned last year. To maintain accurate records and comply with internal audit standards, please log in to the migration portal using your standard corporate credentials to confirm the current status of these assets. Note that access to the new drive will be restricted pending this confirmation. This is a one-time action to sync your profile with the new infrastructure. Please complete this by end of day to avoid being flagged for asset review. Link: https://login.example.test/asset-sync/confirm","['request to log in with standard credentials', 'link to credential-harvesting domain', 'restriction threat if not completed']",tribal,credential_harvesting,sign_in,
62,Security Notice: Unusual Sign-In Attempt Blocked,security.operations@vertex-financial.com,"We detected a sign-in attempt to your corporate account from an unrecognized IP address in Lisbon, Portugal, at 03:14 AM local time. As a precaution, our security system has temporarily locked your account pending verification. To restore access and review the details of this attempt, please click the secure link below to complete a quick identity verification. You will be asked to re-enter your password and confirm your MFA method. If this was not you, please do not discard this email but proceed to verify your account to ensure no unauthorized access has occurred. Your security parameters will be updated immediately upon verification. Verify here: https://portal.example.test/security/verify/uid-4492","['unusual location/time alert', 'request to re-enter password via link', 'account lock threat']",danger,account_takeover,sign_in,
63,2024 Benefits Enrollment Window Closing,hr.benefits@aurora-tech.io,"Dear employee, The open enrollment period for your 2024 health and dental benefits closes at 11:59 PM tomorrow. We noticed that your tax withholding forms (W-4) have not yet been updated for this cycle in the new HR portal. To prevent any disruption in your direct deposit or benefits coverage, please review your current selection and submit the required tax update form via the link below. This is a mandatory step for all active employees to maintain compliance with tax regulations. If you have questions about your plan options, please refer to the attached summary. Ensure you complete this submission before midnight to avoid being placed on default hold status. Submit now: https://login.example.test/hr/benefits/submit","['tax form update pretext', 'direct deposit/benefits disruption threat', 'link to HR portal clone']",visceral,data_exfiltration,submit_info,
64,Action Required: Verify W-8/W-9 Tax Status for Q4 Processing,tax-compliance@nova-logistics.com,"Dear Team,

As part of our annual tax reconciliation with the IRS, we must verify the tax residency status of all international contractors before the Q4 payroll cutoff. Failure to validate your documents by Friday will result in a 30% backup withholding on your next three disbursements, which is painful for your cash flow but non-negotiable per regulatory mandates.

We trust you understand the importance of keeping your personal data secure while complying with these new federal guidelines. Please log in to the secure portal below to upload your current tax form. Once submitted, your status will be marked as 'Verified' in the HR system.

https://portal.example.test/tax-verify

Sincerely,

Alexandra V.
Global Tax Operations","['Threat of backup withholding', 'Request to upload sensitive tax documents', 'Fictional verification portal link']",danger,data_exfiltration,submit_info,
65,Renewal Pending: Annual Adobe Creative Suite License Audit,it-asset-mgmt@vertex-creative.io,"Hi [First Name],

Our IT asset management system has flagged your current Creative Suite license as expiring in 48 hours. To prevent your projects from locking during the critical final week of development, you need to re-authenticate your departmental credentials. This quick step ensures your license is tied to your active user profile and prevents billing discrepancies with our vendor, which could lead to service interruptions for the whole design team.

We know how frustrating it is to lose access mid-project, so please complete this one-time verification now. Your manager has already approved this renewal cycle, so no further escalation is needed.

Please sign in to verify your license status: https://login.example.test/license-renew

Thanks,

Jordan P.
IT Asset Management","['Urgency regarding license expiration', 'Request to re-authenticate credentials', 'External login portal for internal software']",tribal,credential_harvesting,sign_in,
66,Updated Agenda: Emergency Security Review – Building 4,secops-lead@zenith-retail.net,"Team,

Due to the recent audit findings, we are holding an immediate review of our perimeter security protocols. Attendance is mandatory for all staff with access to the backend inventory databases. We need to confirm that your badge credentials are synced with the new biometric lock system installed last night. If your badge does not sync, you will be locked out of the facility during the next shift change, which poses a significant operational risk.

Please open the attached configuration file to confirm your user ID matches the new system. Do not forward this email to outside parties, as it contains sensitive infrastructure details. We appreciate your cooperation in keeping our operations secure.

Attachment: biometric_sync_check.exe

Regards,

Marcus D.
Security Operations Lead","['Mandatory attendance framing', 'Request to open an executable attachment', 'Threat of physical/operational lockout']",danger,malware_delivery,open_attachment,
67,Pending Approval: Travel & Expense Report – Dept. 44,ap-payments@orbit-financial.com,"Hello,

Our accounts payable team has received your expense report for the client visit in Chicago. However, we noticed a discrepancy in the currency conversion rate for the hotel invoice. To process the reimbursement without delay, we need you to confirm the current exchange rate you used and re-submit the original receipt image. Please note that if this is not resolved within 24 hours, the payment will be reversed, and you will need to re-enter the entire request into the new system.

We want to ensure you are reimbursed promptly and accurately. Please reply directly to this email with the corrected PDF attached. Do not use the internal portal for this specific correction, as it is undergoing maintenance.

Best regards,

Sarah L.
Accounts Payable Specialist","['Request to bypass standard portal', 'Request to attach modified financial documents', 'Threat of payment reversal/rework']",tribal,payment_diversion,reply,
68,Action Required: Confirm Delivery Address for Executive Package,logistics-support@fake-company.com,"Hello,

Our logistics partner flagged a potential address mismatch for the secure hardware package assigned to your department. To prevent delivery delays and ensure the encrypted drive reaches you promptly, please verify your current receiving location.

Access your secure portal here: https://portal.example.test/verify

Select the 'Confirm Address' option and ensure your contact details match our records. This step is mandatory for all high-value shipments this quarter.

Best regards,
Logistics Support Team","['Urgency regarding delivery delay', 'Request to verify personal info via external link', 'Mislabeled as routine logistics']",danger,credential_harvesting,sign_in,
69,Overdue Invoice #4592: Approval Needed for Vendor Payment,accounts-payable@fake-company.com,"Dear Finance Team,

Invoice #4592 for professional services is pending final approval. Our vendor has requested immediate payment to avoid service interruption. Please review the attached document and confirm authorization.

If you have already approved this, you may disregard. Otherwise, please reply to this email with the word 'APPROVED' and the invoice number within 24 hours to maintain our vendor standing.

Thank you for your prompt attention to this financial obligation.

Sincerely,
Accounts Payable Automation","['Pressure to avoid service interruption', 'Request to authorize payment via email reply', 'Reference to specific invoice number']",tribal,payment_diversion,approve,
70,Shared Document: Q3 Performance Review Framework,hr-compliance@fake-company.com,"Hi there,

The HR Compliance team has prepared the updated Q3 performance review framework. Your manager has shared this document with you for preliminary review. Please note that access to this file requires authentication to ensure confidentiality.

Click the link below to view the document and add your comments:
https://docs.example.test/share/4592

If you do not have access, request permissions via the same portal. Feedback is due by end of week.

Regards,
HR Compliance System","['Familiar internal document context', 'Request to authenticate to view file', 'Impersonation of HR system']",tribal,account_takeover,sign_in,
71,Security Alert: Unusual Sign-in Attempt Detected,it-security@fake-company.com,"Attention,

Our security monitoring system detected an unusual sign-in attempt to your account from a new device in a different geographic region. This activity may indicate unauthorized access.

To secure your account and prevent potential data exposure, please verify your identity immediately. You must confirm this activity was you or lock the account.

Verify your identity here: https://login.example.test/security/check

If you do not recognize this activity, an immediate password reset is required after verification.

Stay safe,
IT Security Operations","['Fear of data exposure', 'Request to verify identity via external link', 'Claim of unusual geographic location']",visceral,credential_harvesting,sign_in,
72,Action Required: Quarterly Credential Verification,it.security@veridex-solutions.com,"Dear Team Member,

As part of our mandatory Q3 security audit, all user credentials require re-validation to maintain compliance with internal governance standards. Failure to complete this step by end of day may result in temporary suspension of access rights to critical system resources.

Please verify your identity by signing in to our secure portal using your standard employee ID and password. This process takes less than two minutes and ensures your account remains active without interruption. For immediate verification, please proceed via the link below:

https://portal.example.test/verify

Note: This action is required for all active staff. If you are unsure why you received this notice, please contact the IT Support desk directly at ext. 4402.

Regards,
Veridex IT Security Operations","['Generic greeting', 'Vague deadline', 'External link for auth', 'Standard credential request']",danger,credential_harvesting,sign_in,
73,Delivery Exception: Package Released for Pickup,logistics.support@northgate-retail.com,"Dear Customer,

Your recent order (Order ID: #8921) has arrived at your local distribution center but was marked for clarification regarding delivery address preferences. To prevent return-to-sender and ensure timely delivery, please confirm your current contact details.

We kindly ask you to click the link below to verify your shipping address and contact number. Once confirmed, our carriers will attempt delivery within 24 hours. No additional fees will be incurred.

https://deliver.example.test/track

Thank you for choosing Northgate. We value your trust and aim to provide seamless service.

Sincerely,
Northgate Logistics Team","['Urgency via delivery delay', 'Unusual request for personal data', 'Short generic URL', 'Customer-facing tone']",visceral,data_exfiltration,submit_info,
74,Action Required: Annual Benefits Enrollment Confirmation,benefits.admin@nortech-solutions.com,"Dear Team Member,

As we approach the close of the fiscal year, our HRIS system requires a final verification of your dependent information to ensure accurate premium calculations for the upcoming cycle. This annual audit is mandatory for all active employees to maintain compliance with internal equity guidelines.

Please review your current enrollment details and confirm your choices by accessing the secure portal within the next 24 hours. Failure to validate this information may result in a temporary hold on your benefits processing. You will be prompted to re-authenticate to verify your identity against our updated security protocols. 

Access your enrollment dashboard here: https://login.fake-company.com/benefits/verify

Regards,
Nortech Benefits Administration","['Mandatory language creating pressure', 'Direct URL to external-looking login', 'Re-authentication request']",danger,credential_harvesting,sign_in,
75,License Renewal: Design Suite Enterprise Access,it.licensing@vertex-labs.com,"Hi [First Name],

Our software asset management tool has flagged your Design Suite license as expiring tomorrow. To maintain uninterrupted access to the development environment, please renew your enterprise license immediately. The new agreement includes updated security features for team collaboration.

Click the link below to approve the renewal and authorize the standard corporate payment method on file. This action will instantly restore full access to your project repositories and license keys.

Authorization Link: https://portal.example.test/license/approve

Note: This renewal is required to comply with our vendor agreement terms.

Best,
IT Licensing Team","['Urgency implied by expiration date', 'Request to authorize payment via link', ""Vague 'standard payment method' reference""]",tribal,payment_diversion,approve,
76,Calendar Sync: Q3 Strategy Meeting Update,exec.assist@bright-horizon.co,"Hello [First Name],

To ensure your agenda is up to date, we have updated the Q3 Strategy Meeting invite with new attendees and a revised discussion agenda. Please open the attached .ics file to sync these changes to your local calendar.

This file contains the latest agenda items and speaker notes prepared by the leadership team. Opening the file will automatically update your calendar entry and confirm your attendance status for our records.

Please review the attached file to finalize the schedule.

Attachment: Q3_Strategy_Update.ics

Thanks,
Executive Assistant, Bright Horizon","['Attachment-based delivery', 'Implicit request to open file for sync', 'Unusual file type for simple calendar update']",tribal,malware_delivery,open_attachment,
77,Unprocessed Expense Report #EXP-9921,ap.controller@zenith-retail.com,"Dear Employee,

Our Accounts Payable team identified a discrepancy in your recent expense report #EXP-9921. The receipt image was corrupted during the initial upload, preventing verification of the transaction details. To avoid rejection of this reimbursement, please re-submit the documentation.

Reply to this email with the corrected receipt attached, or log into the finance portal to upload the file directly. We need this resolved by end of day to process the payment in the current batch cycle.

Upload Link: https://finance.example.test/expense/resubmit

Sincerely,
Accounts Payable Controller","['Specific error pretext (corrupted receipt)', 'Choice of reply or external portal', 'Deadline pressure (end of day)']",danger,data_exfiltration,submit_info,
78,Urgent: Unreconciled Travel Expense - Account Suspension Risk,it-security@nexus-logistics.net,"Staff Member,

Our internal security monitoring has detected an anomaly in your recent travel expense claim TRV-9901. The transaction pattern resembles fraudulent activity, which has triggered an automatic freeze on your corporate card and access to the expense portal. To restore your account privileges and complete the reimbursement for your recent trip, you must complete a mandatory identity verification. Please access the secure recovery portal to re-authenticate your credentials and submit a declaration of business purpose. Note that leaving this unresolved will result in a permanent suspension of your procurement privileges for the next quarter. Please click here to resolve this issue immediately to avoid disruption to your department's workflows.","['fear of account suspension', 'request to re-authenticate credentials', 'fake security alert', 'consequence of passive failure']",visceral,credential_harvesting,sign_in,
79,Reminder: Submit Q4 Business Travel Receipts for Audit,hr-payroll@stellar-dynamics.org,"Good afternoon,

It is important that all employees in the Sales and Marketing departments finalize their travel expense submissions by the end of this week. Our external auditors are currently reviewing the Q4 ledger, and any discrepancies in digital receipts will cause significant processing delays for your annual bonus calculation. To ensure your data is correctly indexed, please download the attached Excel template, upload your receipts, and reply to this email with the completed file. Manually entering data via the portal is currently disabled for maintenance, so direct email submission is required for this batch. Timely compliance with this audit protocol is essential for your departmental performance review. We look forward to receiving your documentation. Best regards, Payroll Compliance Team.","['request to open attachment', 'request to reply with data', 'maintenance excuse for backend bypass', 'link to performance review']",tribal,data_exfiltration,reply,
80,Invoice #8902: Authorization Needed for Service Continuity,accounts-payable@vertex-software.test,"We have processed the quarterly payment for your licensed SaaS subscription, but our accounting team identified a slight discrepancy in the billing contact details on file. To ensure the invoice is correctly marked as paid and to avoid any service interruption on our end, please review the attached PDF and approve the final charge. This approval confirms that the payment has been routed to the correct vendor account. Once approved, the finance department will close the ticket immediately. Please note that unapproved invoices older than three business days may trigger a temporary suspension of login privileges until the discrepancy is resolved. Your quick verification helps us maintain accurate financial records for the upcoming audit.","['attachment_scammer', 'authority_appeal', 'consequence_threat']",danger,payment_diversion,approve,
81,Invoice #4022: Payment Confirmation Required,accounts-receivable@vertex-tech.com,"Good Afternoon,

We are writing to confirm receipt of your recent invoice for professional services. Our records indicate that the payment authorization has not yet been fully processed in our financial system. To prevent any service interruptions or credit holds, please verify the payment details and approve the transaction via our secure client portal.

This quick review ensures our books are reconciled accurately and your account remains in good standing. No further action is required after this single approval step. We value our partnership and aim to resolve this administrative query swiftly.

Kindly log in to the vendor portal to confirm the invoice status and authorize the pending release.

Thank you,
Vertex Tech Finance Team","['Request to approve payment', 'Impersonation of finance/AP department', 'Inert link for login', 'Professional tone masking malicious intent']",danger,payment_diversion,approve,
82,Action Required: Q3 Vendor Invoice Discrepancy,ap.department@northwind-logistics.com,"During our quarterly audit, we identified a mismatch in the payment details for Invoice #INV-99201 regarding the recent materials shipment. To prevent automatic suspension of the vendor account and ensure timely processing of the outstanding balance, please verify the updated banking coordinates. Access the secure verification portal at https://portal.example.test/verify-bank-details to confirm the account number and routing information. This step is mandatory to maintain our compliance with AP policy 4.2. Your prompt attention is appreciated to avoid service interruptions for the production line.","['Suspicious link domain (example.test)', 'Request to verify banking details via link', 'Implicit threat of account suspension']",danger,payment_diversion,submit_info,
83,Shared Document: Project Phoenix Final Draft,collab.team@brightside-consulting.com,"The leadership team has finalized the executive summary for Project Phoenix. To ensure all stakeholders can contribute their final edits before the board meeting, the document has been moved to our new secure collaboration drive. Please access the file at https://doc.example.test/share/phoenix-final and enable 'Edit' permissions on your profile to view the latest changes. Note that access is restricted to internal employees only, so please use your standard corporate credentials. If you do not see the file within five minutes, contact the IT helpdesk. Thank you for your collaborative effort in meeting this deadline.","['Link to external document viewer', 'Request to enable edit permissions', 'Pressure from upcoming board meeting']",tribal,credential_harvesting,sign_in,
84,Security Alert: Unusual Login Attempt Detected,security.ops@vertex-tech-solutions.com,"Our monitoring systems detected an attempted sign-in to your administrator account from an unrecognized IP address in a foreign region. To protect your privileged access rights and prevent potential data breaches, you must immediately verify this activity. Click the link below to review the session details and confirm whether this was you: https://login.example.test/account-review. If you do not recognize this activity, you will be prompted to reset your multi-factor authentication token. Failure to verify within 24 hours will result in a temporary lockout of your admin privileges for security compliance reasons.","['Urgent security alert', 'Link to credential harvesting portal', 'Request to reset MFA token']",danger,account_takeover,sign_in,
85,Action Required: Pending Q3 Travel Expense Reimbursement,finance-ops@nexus-logistics.com,"Dear Team Member,

Our automated audit flagged that your pending Q3 travel expense claim (Ref: EXP-9921) lacks final managerial attestation. To prevent further delays in your reimbursement cycle, please review the itemized details and authorize the disbursement immediately.

Click the secure link below to log in to the Finance Portal and confirm your total. Once approved, the funds will be released to your linked bank account within 24 hours. Failure to complete this step by end of business today may result in the claim being returned to draft status, requiring you to resubmit all supporting documents manually.

[Link: https://payroll-nexus.test/expense-approval]

Regards,
Automated Finance System","[""Urgency of 'end of business today'"", 'Threat of manual resubmission', 'Generic finance portal link', 'Request to authorize disbursement']",danger,payment_diversion,approve,
86,Verification Notice: Direct Deposit Routing Update,hr-payroll@aster-bio.com,"Hello,

As part of our recent security hardening measures, we are validating the banking details associated with active employee accounts. Our records indicate a pending update request for your direct deposit routing information that requires final employee confirmation to proceed.

Please visit the secure verification page linked below to review the proposed bank details. If these details are incorrect, you may update them directly within the portal. This step is mandatory to ensure your next payroll run processes without interruption.

You will be required to sign in using your standard employee ID and password to access the verification dashboard.

[Link: https://secure-hr-aster.test/bank-verify]

Thank you for your cooperation in maintaining secure payroll operations.

Sincerely,
Aster Bio Payroll Administration","['Security hardening pretext', 'Request to sign in with standard ID', 'Link to verify bank details', 'Mandatory step for payroll processing']",tribal,payment_diversion,sign_in,
87,Urgent: Missing Receipt for Travel Claim #TR-455,ap-process@global-retail-now.com,"Hi there,

We are currently processing the batch of travel reimbursements for last month. However, we cannot locate the original digital receipt for the hotel stay associated with claim #TR-455. Without this specific document, our compliance team is unable to finalize the payment to your account.

To resolve this instantly, please reply to this email with a picture of the receipt attached. Alternatively, if you have already submitted it, please log in to the expense portal to re-upload the file.

Prompt action is appreciated to avoid holding up the current payment run. Many of your colleagues have already completed this step, so we only need a few more confirmations to clear the queue.

Please reply directly to this thread or use the portal login below:
[Link: https://expense-upload.ret-now.test/receipt]

Best,
Accounts Payable Team","['Missing receipt pretext', 'Request to reply with attachment', ""Social proof ('colleagues have already')"", 'Link to re-upload']",tribal,data_exfiltration,reply,
